study_id,class_0,class_1,class_2,class_3,class_4,class_5,class_6,class_7,class_8,class_9,class_10,class_11,class_12,class_13,class_14,class_15,class_16,class_17,class_18,class_19,class_20,class_21,class_22,class_23,class_24
44036939,0.35254714,0.53340995,0.5373446,0.45604756,0.65729994,0.5902812,0.70546573,0.34268624,0.6970383,0.39697188,0.50626856,0.35223523,0.39374733,0.5090162,0.43277663,0.42315906,0.5006683,0.5483572,0.5030949,0.30237743,0.5270859,0.46786082,0.43737015,0.59327406,0.34476843
44036939,0.35373992,0.5340583,0.53708667,0.4591021,0.6596138,0.5875853,0.7050623,0.34579188,0.6990119,0.39587715,0.5092382,0.35052827,0.39721164,0.506731,0.43394592,0.42426172,0.4992775,0.5449505,0.50506634,0.30649048,0.5281783,0.46553543,0.43782425,0.59712327,0.3483253
44036939,0.344827,0.52095914,0.5615819,0.42864123,0.6378574,0.57869345,0.7110955,0.33077174,0.6827794,0.39436466,0.49956098,0.33697134,0.4439108,0.5264418,0.427118,0.386575,0.5469183,0.502295,0.5015015,0.2736861,0.50112456,0.42759442,0.46017957,0.5596493,0.32158506
