series_id,study_id,spinal_canal_stenosis_l1_l2,spinal_canal_stenosis_l2_l3,spinal_canal_stenosis_l3_l4,spinal_canal_stenosis_l4_l5,spinal_canal_stenosis_l5_s1,left_neural_foraminal_narrowing_l1_l2,left_neural_foraminal_narrowing_l2_l3,left_neural_foraminal_narrowing_l3_l4,left_neural_foraminal_narrowing_l4_l5,left_neural_foraminal_narrowing_l5_s1,right_neural_foraminal_narrowing_l1_l2,right_neural_foraminal_narrowing_l2_l3,right_neural_foraminal_narrowing_l3_l4,right_neural_foraminal_narrowing_l4_l5,right_neural_foraminal_narrowing_l5_s1,left_subarticular_stenosis_l1_l2,left_subarticular_stenosis_l2_l3,left_subarticular_stenosis_l3_l4,left_subarticular_stenosis_l4_l5,left_subarticular_stenosis_l5_s1,right_subarticular_stenosis_l1_l2,right_subarticular_stenosis_l2_l3,right_subarticular_stenosis_l3_l4,right_subarticular_stenosis_l4_l5,right_subarticular_stenosis_l5_s1
3844393089,44036939,0.3996163,0.41883883,0.50585115,0.7426115,0.5766198,0.65601987,0.60283524,0.46894914,0.19046222,0.52064353,0.44762495,0.5968533,0.35126215,0.41625562,0.606165,0.790685,0.38433006,0.5747002,0.38338107,0.62735564,0.37703073,0.32036796,0.65485954,0.7147491,0.28203094
2828203845,44036939,0.39696053,0.41789785,0.50526303,0.74547976,0.57487667,0.65602154,0.60355127,0.4717894,0.19026095,0.5200707,0.44479737,0.59601027,0.3512787,0.41575575,0.6096374,0.79232794,0.38424262,0.5710694,0.38856086,0.62700254,0.3754125,0.3202623,0.65787363,0.71391696,0.28381667
3481971518,44036939,0.3838064,0.44087762,0.49616593,0.6952285,0.5841558,0.65440845,0.5776405,0.44145796,0.21921362,0.5511797,0.43488404,0.5699811,0.37723893,0.47595176,0.5961565,0.7760603,0.35645214,0.6298733,0.39599854,0.6370375,0.40120795,0.3102704,0.6819156,0.7172167,0.2549116
