loss,accuracy,precision,recall,f1_score,roc_auc
0.004677195589541386,0.033880903490759756,0.004677195589541386,0.033880903490759756,0.003738752467162546,0.5002500132093467
