loss,accuracy,precision,recall,f1_score,roc_auc
0.005993988018374649,0.04055441478439425,0.005993988018374649,0.04055441478439425,0.004052097315853868,0.5000413913720316
