loss,accuracy
0.7296323776245117,0.05000000074505806
