series_id,study_id,spinal_canal_stenosis_l1_l2,spinal_canal_stenosis_l2_l3,spinal_canal_stenosis_l3_l4,spinal_canal_stenosis_l4_l5,spinal_canal_stenosis_l5_s1,left_neural_foraminal_narrowing_l1_l2,left_neural_foraminal_narrowing_l2_l3,left_neural_foraminal_narrowing_l3_l4,left_neural_foraminal_narrowing_l4_l5,left_neural_foraminal_narrowing_l5_s1,right_neural_foraminal_narrowing_l1_l2,right_neural_foraminal_narrowing_l2_l3,right_neural_foraminal_narrowing_l3_l4,right_neural_foraminal_narrowing_l4_l5,right_neural_foraminal_narrowing_l5_s1,left_subarticular_stenosis_l1_l2,left_subarticular_stenosis_l2_l3,left_subarticular_stenosis_l3_l4,left_subarticular_stenosis_l4_l5,left_subarticular_stenosis_l5_s1,right_subarticular_stenosis_l1_l2,right_subarticular_stenosis_l2_l3,right_subarticular_stenosis_l3_l4,right_subarticular_stenosis_l4_l5,right_subarticular_stenosis_l5_s1
3844393089,44036939,0.4713451,0.5438138,0.52955484,0.6298202,0.7292014,0.5031864,0.39322132,0.5798296,0.35698533,0.45861667,0.38608292,0.385442,0.7562593,0.70718783,0.54251647,0.41123852,0.33586192,0.3554974,0.60697865,0.65489346,0.46006763,0.5777738,0.34166187,0.5470051,0.28361082
2828203845,44036939,0.4652858,0.55564904,0.53005993,0.6222137,0.7233139,0.50268734,0.4021343,0.5731128,0.34934223,0.46173146,0.38919714,0.37348327,0.76571375,0.70644933,0.5488329,0.40876472,0.33975342,0.3552418,0.5994726,0.65810263,0.46017382,0.56808835,0.34482706,0.5459251,0.27912113
3481971518,44036939,0.47498766,0.5577299,0.51067847,0.6489745,0.72627395,0.488557,0.34521857,0.57116437,0.32662418,0.43760282,0.33551264,0.3964548,0.8075409,0.65339714,0.48775616,0.37350163,0.3213628,0.3371314,0.63457453,0.7172687,0.4031959,0.5756702,0.31963527,0.43122125,0.36171815
