series_id,study_id,spinal_canal_stenosis_l1_l2,spinal_canal_stenosis_l2_l3,spinal_canal_stenosis_l3_l4,spinal_canal_stenosis_l4_l5,spinal_canal_stenosis_l5_s1,left_neural_foraminal_narrowing_l1_l2,left_neural_foraminal_narrowing_l2_l3,left_neural_foraminal_narrowing_l3_l4,left_neural_foraminal_narrowing_l4_l5,left_neural_foraminal_narrowing_l5_s1,right_neural_foraminal_narrowing_l1_l2,right_neural_foraminal_narrowing_l2_l3,right_neural_foraminal_narrowing_l3_l4,right_neural_foraminal_narrowing_l4_l5,right_neural_foraminal_narrowing_l5_s1,left_subarticular_stenosis_l1_l2,left_subarticular_stenosis_l2_l3,left_subarticular_stenosis_l3_l4,left_subarticular_stenosis_l4_l5,left_subarticular_stenosis_l5_s1,right_subarticular_stenosis_l1_l2,right_subarticular_stenosis_l2_l3,right_subarticular_stenosis_l3_l4,right_subarticular_stenosis_l4_l5,right_subarticular_stenosis_l5_s1
3844393089,44036939,0.4921291,0.27963826,0.62053907,0.5098859,0.47743255,0.37215185,0.41360942,0.18606433,0.46072105,0.5419734,0.25273108,0.5763134,0.2931233,0.36771715,0.40752077,0.67326367,0.72466815,0.6122826,0.5421927,0.58062446,0.4051873,0.6413721,0.36268154,0.61742675,0.5858541
2828203845,44036939,0.4918021,0.27844918,0.6215561,0.5098412,0.4784879,0.36992446,0.4076671,0.18614987,0.45571765,0.54318523,0.25061026,0.5802487,0.29478404,0.3662546,0.4084291,0.67031246,0.7211761,0.6131429,0.5426252,0.57954156,0.4066966,0.6404405,0.3620501,0.617532,0.588949
3481971518,44036939,0.4936287,0.31427082,0.6179456,0.4824237,0.4691926,0.38527465,0.4098082,0.19804403,0.46323487,0.532862,0.26050872,0.6102448,0.27898917,0.35124996,0.3578452,0.7038118,0.7252089,0.58238333,0.5586645,0.58675367,0.38348553,0.6701453,0.39724562,0.61373997,0.6196419
